{
  "term": {
    "precision": 0.0,
    "recall": 0.0,
    "f1-score": 0.0,
    "support": 45,
    "confused_with": {
      "year": 27
    }
  },
  "tname": {
    "precision": 1.0,
    "recall": 0.3333333333333333,
    "f1-score": 0.5,
    "support": 45,
    "confused_with": {}
  },
  "year": {
    "precision": 0.4142857142857143,
    "recall": 0.6444444444444445,
    "f1-score": 0.5043478260869566,
    "support": 45,
    "confused_with": {}
  },
  "sname": {
    "precision": 1.0,
    "recall": 0.28426395939086296,
    "f1-score": 0.4426877470355732,
    "support": 197,
    "confused_with": {
      "year": 14
    }
  },
  "micro avg": {
    "precision": 0.7092198581560284,
    "recall": 0.30120481927710846,
    "f1-score": 0.42283298097251587,
    "support": 332
  },
  "macro avg": {
    "precision": 0.6035714285714286,
    "recall": 0.3155104342921602,
    "f1-score": 0.3617588932806325,
    "support": 332
  },
  "weighted avg": {
    "precision": 0.7850688468158347,
    "recall": 0.30120481927710846,
    "f1-score": 0.39881065765036433,
    "support": 332
  },
  "accuracy": 0.8178963893249608
}